#SUBMITTED ID,NAME,SYMBOL
FBgn0287775,18 wheeler,18w
FBgn0260793,2mit,2mit
FBgn0004168,5-hydroxytryptamine (serotonin) receptor 1A,5-HT1A
FBgn0263116,5-hydroxytryptamine (serotonin) receptor 1B,5-HT1B
FBgn0087012,5-hydroxytryptamine (serotonin) receptor 2A,5-HT2A
FBgn0261929,5-hydroxytryptamine (serotonin) receptor 2B,5-HT2B
FBgn0004573,5-hydroxytryptamine (serotonin) receptor 7,5-HT7
FBgn0020510,Abelson interacting protein,Abi
FBgn0022710,Adenylyl cyclase 13E,Ac13E
FBgn0023416,Adenylate cyclase 3,Ac3
FBgn0004852,Adenylyl cyclase 76E,Ac76E
FBgn0024150,Adenylyl cyclase 78C,Ac78C
FBgn0024913,Activin-beta,Actbeta
FBgn0040510,Adenylyl cyclase X A,ACXA
FBgn0040509,Adenylyl cyclase X B,ACXB
FBgn0040508,Adenylyl cyclase X C,ACXC
FBgn0040507,Adenylyl cyclase X D,ACXD
FBgn0040506,Adenylyl cyclase X E,ACXE
FBgn0039747,Adenosine receptor,AdoR
FBgn0004552,Adipokinetic hormone,Akh
FBgn0025595,Adipokinetic hormone receptor,AkhR
FBgn0040505,Anaplastic lymphoma kinase,Alk
FBgn0010215,alpha Catenin,alpha-Cat
FBgn0029105,alpha-catenin related,alpha-Catr
FBgn0039332,astrocytic leucine-rich repeat molecule,alrm
FBgn0000071,Amalgam,Ama
FBgn0086782,amnesiac,amn
FBgn0038309,Ammonium transporter,Amt
FBgn0000077,almondex,amx
FBgn0000097,anterior open,aop
FBgn0004569,argos,aos
FBgn0026598,Adenomatous polyposis coli 2,Apc2
FBgn0031458,anterior pharynx defective 1,aph-1
FBgn0000108,beta amyloid protein precursor-like,Appl
FBgn0000117,armadillo,arm
FBgn0001961,"Actin-related protein 2/3 complex, subunit 1",Arpc1
FBgn0284255,"Actin-related protein 2/3 complex, subunit 4",Arpc4
FBgn0015591,Allatostatin A,AstA
FBgn0266429,Allatostatin A receptor 1,AstA-R1
FBgn0039595,Allatostatin A receptor 2,AstA-R2
FBgn0032336,Allatostatin C,AstC
FBgn0036790,Allatostatin C receptor 1,AstC-R1
FBgn0036789,Allatostatin C receptor 2,AstC-R2
FBgn0032337,Allatostatin double C,AstCC
FBgn0020762,ABC transporter expressed in trachea,Atet
FBgn0036995,artichoke,atk
FBgn0002921,Na pump alpha subunit,Atpalpha
FBgn0000719,Plasma membrane calcium transporting P-Atpases,ATPIIB
FBgn0000152,Abnormal X segregation,Axs
FBgn0011300,baboon,babo
FBgn0034724,babos,babos
FBgn0033778,Beta-alanine transporter,Balat
FBgn0000163,bazooka,baz
FBgn0034049,bedraggled,bdg
FBgn0028482,borderless,bdl
FBgn0013433,beaten path Ia,beat-Ia
FBgn0028645,beaten path Ib,beat-Ib
FBgn0028644,beaten path Ic,beat-Ic
FBgn0038498,beaten path IIa,beat-IIa
FBgn0038494,beaten path IIb,beat-IIb
FBgn0265607,beaten path IIIa,beat-IIIa
FBgn0053179,beaten path IIIb,beat-IIIb
FBgn0032629,beaten path IIIc,beat-IIIc
FBgn0039089,beaten path IV,beat-IV
FBgn0038087,beaten path Va,beat-Va
FBgn0038092,beaten path Vb,beat-Vb
FBgn0038084,beaten path Vc,beat-Vc
FBgn0039584,beaten path VI,beat-VI
FBgn0250908,beaten path VII,beat-VII
FBgn0040238,Bestrophin 1,Best1
FBgn0035696,Bestrophin 2,Best2
FBgn0036492,Bestrophin 3,Best3
FBgn0036491,Bestrophin 4,Best4
FBgn0000180,big brain,bib
FBgn0000198,bloated,blo
FBgn0027660,bloated tubules,blot
FBgn0014135,branchless,bnl
FBgn0040388,brother of ihog,boi
FBgn0000206,bride of sevenless,boss
FBgn0000221,brainiac,brn
FBgn0261822,Basigin,Bsg
FBgn0285896,breathless,btl
FBgn0038901,Bursicon,Burs
FBgn0031150,bves,bves
FBgn0000244,blistery,by
FBgn0001991,Ca[2+]-channel protein alpha[[1]] subunit D,Ca-alpha1D
FBgn0264386,Ca[2+]-channel protein alpha[[1]] subunit T,Ca-alpha1T
FBgn0287724,Ca2+-channel-protein-beta-subunit,Ca-beta
FBgn0261999,Ca[2+] channel Muscle-specific alpha2/delta subunit,Ca-Ma2d
FBgn0263111,cacophony,cac
FBgn0036715,Cadherin 74A,Cad74A
FBgn0261053,Cadherin 86C,Cad86C
FBgn0037963,Cadherin 87A,Cad87A
FBgn0038247,Cadherin 88C,Cad88C
FBgn0038439,Cadherin 89D,Cad89D
FBgn0022800,Cadherin 96Ca,Cad96Ca
FBgn0039294,Cadherin 96Cb,Cad96Cb
FBgn0039709,Cadherin 99C,Cad99C
FBgn0015609,Cadherin-N,CadN
FBgn0262018,Cadherin-N2,CadN2
FBgn0039928,Calsyntenin,Cals
FBgn0013995,Na/Ca-exchange protein,Calx
FBgn0039722,Capability,Capa
FBgn0037100,Capability receptor,CapaR
FBgn0023095,capricious,caps
FBgn0039007,Crustacean cardioactive peptide,CCAP
FBgn0039396,Crustacean cardioactive peptide receptor,CCAP-R
FBgn0031979,Coiled-coil domain containing 53,CCDC53
FBgn0038199,CCHamide-1,CCHa1
FBgn0050106,CCHamide-1 receptor,CCHa1-R
FBgn0038147,CCHamide-2,CCHa2
FBgn0033058,CCHamide-2 receptor,CCHa2-R
FBgn0259231,Cholecystokinin-like receptor at 17D1,CCKLR-17D1
FBgn0030954,Cholecystokinin-like receptor at 17D3,CCKLR-17D3
FBgn0052183,Ccn,Ccn
FBgn0038865,Common Dpr-interacting protein,cDIP
FBgn0034972,-,CG10339
FBgn0027562,-,CG10345
FBgn0030349,-,CG10353
FBgn0032752,-,CG10702
FBgn0036368,-,CG10738
FBgn0029663,-,CG10804
FBgn0038621,-,CG10864
FBgn0037238,-,CG1090
FBgn0010620,-,CG10939
FBgn0039927,-,CG11155
FBgn0039818,-,CG11318
FBgn0037167,-,CG11425
FBgn0037166,-,CG11426
FBgn0037165,-,CG11437
FBgn0037164,-,CG11438
FBgn0038690,-,CG11703
FBgn0040031,-,CG12061
FBgn0037387,-,CG1213
FBgn0039419,-,CG12290
FBgn0033558,-,CG12344
FBgn0032311,-,CG12517
FBgn0033579,-,CG13229
FBgn0030559,-,CG13404
FBgn0034723,-,CG13506
FBgn0034788,-,CG13532
FBgn0034996,-,CG13575
FBgn0035010,-,CG13579
FBgn0031935,-,CG13793
FBgn0031936,-,CG13794
FBgn0031937,-,CG13795
FBgn0031939,-,CG13796
FBgn0031770,-,CG13995
FBgn0032315,-,CG14069
FBgn0037486,-,CG14605
FBgn0037291,-,CG14662
FBgn0033250,-,CG14762
FBgn0031100,-,CG1504
FBgn0034391,-,CG15080
FBgn0028879,-,CG15270
FBgn0028886,-,CG15279
FBgn0030174,-,CG15312
FBgn0031146,-,CG15449
FBgn0039821,-,CG15556
FBgn0030466,-,CG15744
FBgn0027589,-,CG1688
FBgn0032479,-,CG16974
FBgn0033443,-,CG1698
FBgn0039941,-,CG17167
FBgn0033710,-,CG17739
FBgn0036454,-,CG17839
FBgn0030360,-,CG1806
FBgn0028872,-,CG18095
FBgn0037553,-,CG18249
FBgn0028518,-,CG18480
FBgn0035090,-,CG2736
FBgn0028491,-,CG2930
FBgn0050046,-,CG30046
FBgn0050203,-,CG30203
FBgn0050340,-,CG30340
FBgn0051183,-,CG31183
FBgn0051431,-,CG31431
FBgn0051741,-,CG31741
FBgn0260479,-,CG31904
FBgn0052055,-,CG32055
FBgn0052087,-,CG32087
FBgn0034568,-,CG3216
FBgn0052301,-,CG32301
FBgn0052305,-,CG32305
FBgn0052447,-,CG32447
FBgn0052547,-,CG32547
FBgn0031518,-,CG3277
FBgn0031522,-,CG3285
FBgn0053143,-,CG33143
FBgn0053296,-,CG33296
FBgn0053310,-,CG33310
FBgn0053543,-,CG33543
FBgn0053639,-,CG33639
FBgn0053958,-,CG33958
FBgn0085382,-,CG34353
FBgn0085386,-,CG34357
FBgn0085425,-,CG34396
FBgn0261444,-,CG3638
FBgn0035091,-,CG3829
FBgn0058006,-,CG40006
FBgn0028888,-,CG4168
FBgn0259145,-,CG42260
FBgn0259227,-,CG42327
FBgn0259242,-,CG42340
FBgn0259677,-,CG42346
FBgn0260971,-,CG42594
FBgn0261360,-,CG42637
FBgn0261361,-,CG42638
FBgn0261674,-,CG42709
FBgn0262476,-,CG43066
FBgn0025632,-,CG4313
FBgn0262685,-,CG43155
FBgn0263038,-,CG43333
FBgn0263131,-,CG43373
FBgn0265002,-,CG44153
FBgn0265413,-,CG44325
FBgn0035969,-,CG4476
FBgn0266409,-,CG45049
FBgn0266801,-,CG45263
FBgn0029932,-,CG4607
FBgn0035043,-,CG4781
FBgn0036587,-,CG4950
FBgn0034275,-,CG5002
FBgn0032235,-,CG5096
FBgn0038691,-,CG5250
FBgn0038354,-,CG5404
FBgn0030603,-,CG5541
FBgn0034920,-,CG5597
FBgn0032666,-,CG5758
FBgn0038866,-,CG5810
FBgn0034717,-,CG5819
FBgn0028523,-,CG5888
FBgn0038337,-,CG6125
FBgn0036040,-,CG6749
FBgn0030887,-,CG6867
FBgn0029733,-,CG6927
FBgn0036240,-,CG6928
FBgn0036235,-,CG6938
FBgn0037956,-,CG6959
FBgn0037107,-,CG7166
FBgn0031970,-,CG7227
FBgn0035575,-,CG7509
FBgn0036145,-,CG7607
FBgn0038638,-,CG7702
FBgn0037552,-,CG7800
FBgn0039728,-,CG7896
FBgn0039736,-,CG7912
FBgn0034045,-,CG8249
FBgn0031520,-,CG8837
FBgn0033708,-,CG8850
FBgn0031548,-,CG8852
FBgn0030707,-,CG8916
FBgn0030617,-,CG9095
FBgn0037730,-,CG9444
FBgn0036433,-,CG9628
FBgn0039787,-,CG9702
FBgn0039789,-,CG9717
FBgn0267435,chaoptin,chp
FBgn0033313,Calcium-independent receptor for alpha-latrotoxin,Cirl
FBgn0051116,Chloride channel-a,ClC-a
FBgn0033755,Chloride channel-b,ClC-b
FBgn0036566,Chloride channel-c,ClC-c
FBgn0030529,Chloride intracellular channel,Clic
FBgn0035767,Cln7,Cln7
FBgn0026255,clumsy,clumsy
FBgn0261612,Cyclic nucleotide-gated ion channel subunit A,CngA
FBgn0266346,Cyclic nucleotide-gated ion channel subunit B,CngB
FBgn0263257,Cyclic nucleotide-gated ion channel-like,Cngl
FBgn0035282,CNMamide,CNMa
FBgn0053696,CNMamide Receptor,CNMaR
FBgn0033371,Concentrative nucleoside transporter 1,CNT1
FBgn0025709,Concentrative nucleoside transporter 2,CNT2
FBgn0005775,Connectin,Con
FBgn0037240,Contactin,Cont
FBgn0261269,convoluted,conv
FBgn0010434,coracle,cora
FBgn0020309,crooked legs,crol
FBgn0015924,croquemort,crq
FBgn0013767,Corazonin,Crz
FBgn0036278,Corazonin receptor,CrzR
FBgn0038320,Cytoplasmic FMR1 interacting protein,Cyfip
FBgn0034136,Dopamine transporter,DAT
FBgn0031461,dawdle,daw
FBgn0053531,Discoidin domain receptor,Ddr
FBgn0032048,Diuretic hormone 31,Dh31
FBgn0052843,Diuretic hormone 31 Receptor,Dh31-R
FBgn0012344,Diuretic hormone 44,Dh44
FBgn0033932,Diuretic hormone 44 receptor 1,Dh44-R1
FBgn0033744,Diuretic hormone 44 receptor 2,Dh44-R2
FBgn0039666,Diedel,Diedel
FBgn0052791,Dpr-interacting protein alpha,DIP-alpha
FBgn0259245,Dpr-interacting protein beta,DIP-beta
FBgn0085420,Dpr-interacting protein delta,DIP-delta
FBgn0259714,Dpr-interacting protein epsilon,DIP-epsilon
FBgn0031725,Dpr-interacting protein eta,DIP-eta
FBgn0039617,Dpr-interacting protein gamma,DIP-gamma
FBgn0031837,Dpr-interacting protein iota,DIP-iota
FBgn0051814,Dpr-interacting protein kappa,DIP-kappa
FBgn0267428,Dpr-interacting protein lambda,DIP-lambda
FBgn0051646,Dpr-interacting protein theta,DIP-theta
FBgn0051708,Dpr-interacting protein zeta,DIP-zeta
FBgn0285879,disco-related,disco-r
FBgn0000463,Delta,Dl
FBgn0001624,discs large 1,dlg1
FBgn0024245,doughnut on 2,dnt
FBgn0043903,domeless,dome
FBgn0011582,Dopamine 1-like receptor 1,Dop1R1
FBgn0266137,Dopamine 1-like receptor 2,Dop1R2
FBgn0053517,Dopamine 2-like receptor,Dop2R
FBgn0035538,Dopamine/Ecdysteroid receptor,DopEcR
FBgn0000490,decapentaplegic,dpp
FBgn0031835,Dipeptidyl peptidase 10,Dpp10
FBgn0040726,defective proboscis extension response 1,dpr1
FBgn0052057,defective proboscis extension response 10,dpr10
FBgn0053202,defective proboscis extension response 11,dpr11
FBgn0085414,defective proboscis extension response 12,dpr12
FBgn0034286,defective proboscis extension response 13,dpr13
FBgn0029974,defective proboscis extension response 14,dpr14
FBgn0037993,defective proboscis extension response 15,dpr15
FBgn0037295,defective proboscis extension response 16,dpr16
FBgn0051361,defective proboscis extension response 17,dpr17
FBgn0030723,defective proboscis extension response 18,dpr18
FBgn0032233,defective proboscis extension response 19,dpr19
FBgn0261871,defective proboscis extension response 2,dpr2
FBgn0035170,defective proboscis extension response 20,dpr20
FBgn0260995,defective proboscis extension response 21,dpr21
FBgn0053516,defective proboscis extension response 3,dpr3
FBgn0053512,defective proboscis extension response 4,dpr4
FBgn0037908,defective proboscis extension response 5,dpr5
FBgn0040823,defective proboscis extension response 6,dpr6
FBgn0053481,defective proboscis extension response 7,dpr7
FBgn0052600,defective proboscis extension response 8,dpr8
FBgn0038282,defective proboscis extension response 9,dpr9
FBgn0015380,derailed,drl
FBgn0033791,Derailed 2,Drl-2
FBgn0027594,draper,drpr
FBgn0284247,dachsous,ds
FBgn0035290,debris buster,dsb
FBgn0033159,Down syndrome cell adhesion molecule 1,Dscam1
FBgn0265296,Down syndrome cell adhesion molecule 2,Dscam2
FBgn0261046,Down syndrome cell adhesion molecule 3,Dscam3
FBgn0263219,Down syndrome cell adhesion molecule 4,Dscam4
FBgn0039528,distracted,dsd
FBgn0000500,Drosulfakinin,Dsk
FBgn0283531,Dual oxidase,Duox
FBgn0250832,Ductus ejaculatorius peptide 99B,Dup99B
FBgn0066365,dusky-like,dyl
FBgn0000535,ether a go-go,eag
FBgn0243514,eater,eater
FBgn0000546,Ecdysone receptor,EcR
FBgn0000547,echinoid,ed
FBgn0003731,Epidermal growth factor receptor,Egfr
FBgn0001404,egghead,egh
FBgn0033483,eiger,egr
FBgn0000564,Eclosion hormone,Eh
FBgn0039916,Eye-enriched kainate receptor,Ekar
FBgn0011589,Eag-like K[+] channel,Elk
FBgn0010435,epithelial membrane protein,emp
FBgn0062440,Essential MCU regulator,EMRE
FBgn0263916,Equilibrative nucleoside transporter 2,Ent2
FBgn0025936,Eph receptor tyrosine kinase,Eph
FBgn0040324,Ephrin,Ephrin
FBgn0013953,Epidermal stripes and patches,Esp
FBgn0266758,Extended synaptotagmin-like protein 2,Esyt2
FBgn0031055,eye transformer,et
FBgn0028738,Ecdysis triggering hormone,ETH
FBgn0038874,ETHR,ETHR
FBgn0034529,Family with sequence similarity 21,FAM21
FBgn0285925,Fasciclin 1,Fas1
FBgn0000635,Fasciclin 2,Fas2
FBgn0000636,Fasciclin 3,Fas3
FBgn0026721,fat-spondin,fat-spondin
FBgn0266084,Formin homology 2 domain containing,Fhos
FBgn0085397,Fish-lips,Fili
FBgn0031627,factor of interpulse interval,fipi
FBgn0035498,Fermitin 1,Fit1
FBgn0036688,Fermitin 2,Fit2
FBgn0024754,Flotillin 1,Flo1
FBgn0264078,Flotillin 2,Flo2
FBgn0000715,FMRFamide,FMRFa
FBgn0035385,FMRFamide Receptor,FMRFaR
FBgn0000719,folded gastrulation,fog
FBgn0024236,fear-of-intimacy,foi
FBgn0011592,frazzled,fra
FBgn0051774,friend of echinoid,fred
FBgn0001075,fat,ft
FBgn0001083,furrowed,fw
FBgn0261722,flower,fwe
FBgn0001085,frizzled,fz
FBgn0016797,frizzled 2,fz2
FBgn0027343,frizzled 3,fz3
FBgn0027342,frizzled 4,fz4
FBgn0260446,metabotropic GABA-B receptor subtype 1,GABA-B-R1
FBgn0027575,metabotropic GABA-B receptor subtype 2,GABA-B-R2
FBgn0031275,metabotropic GABA-B receptor subtype 3,GABA-B-R3
FBgn0035192,galene,galene
FBgn0001122,G protein alpha o subunit,Galphao
FBgn0039915,GABA transporter,Gat
FBgn0024234,glass bottom boat,gbb
FBgn0001105,G protein beta-subunit 13F,Gbeta13F
FBgn0034199,Growth-blocking peptide 1,Gbp1
FBgn0034200,Growth-blocking peptide 2,Gbp2
FBgn0039031,Growth-blocking peptide 3,Gbp3
FBgn0004921,G protein gamma 1,Ggamma1
FBgn0283724,Girdin,Girdin
FBgn0015229,gliolectin,glec
FBgn0001987,Gliotactin,Gli
FBgn0024963,GluClalpha,GluClalpha
FBgn0004619,Glutamate receptor IA,GluRIA
FBgn0264000,Glutamate receptor IB,GluRIB
FBgn0004620,Glutamate receptor IIA,GluRIIA
FBgn0020429,Glutamate receptor IIB,GluRIIB
FBgn0046113,Glutamate receptor IIC,GluRIIC
FBgn0028422,Glutamate receptor IID,GluRIID
FBgn0051201,Glutamate receptor IIE,GluRIIE
FBgn0015230,Glucose transporter type 3,Glut3
FBgn0034911,Glycine transporter,GlyT
FBgn0013272,Gp150,Gp150
FBgn0261386,Glycoprotein hormone alpha 2,Gpa2
FBgn0063368,Glycoprotein hormone beta 5,Gpb5
FBgn0033995,Golgi pH Regulator,GPHR
FBgn0045502,Gustatory receptor 10a,Gr10a
FBgn0030297,Gustatory receptor 10b,Gr10b
FBgn0041250,Gustatory receptor 21a,Gr21a
FBgn0045501,Gustatory receptor 22a,Gr22a
FBgn0045500,Gustatory receptor 22b,Gr22b
FBgn0265138,Gustatory receptor 22c,Gr22c
FBgn0045498,Gustatory receptor 22d,Gr22d
FBgn0045497,Gustatory receptor 22e,Gr22e
FBgn0041249,Gustatory receptor 22f,Gr22f
FBgn0041248,Gustatory receptor 23a,Gr23a
FBgn0041247,Gustatory receptor 28a,Gr28a
FBgn0045495,Gustatory receptor 28b,Gr28b
FBgn0265139,Gustatory receptor 2a,Gr2a
FBgn0041246,Gustatory receptor 32a,Gr32a
FBgn0032416,Gustatory receptor 33a,Gr33a
FBgn0045487,Gustatory receptor 36a,Gr36a
FBgn0045486,Gustatory receptor 36b,Gr36b
FBgn0045485,Gustatory receptor 36c,Gr36c
FBgn0264556,Gustatory receptor 39a,Gr39a
FBgn0041245,Gustatory receptor 39b,Gr39b
FBgn0041243,Gustatory receptor 43a,Gr43a
FBgn0041242,Gustatory receptor 47a,Gr47a
FBgn0041241,Gustatory receptor 47b,Gr47b
FBgn0041240,Gustatory receptor 57a,Gr57a
FBgn0041239,Gustatory receptor 58a,Gr58a
FBgn0041238,Gustatory receptor 58b,Gr58b
FBgn0041237,Gustatory receptor 58c,Gr58c
FBgn0045483,Gustatory receptor 59a,Gr59a
FBgn0045482,Gustatory receptor 59b,Gr59b
FBgn0041235,Gustatory receptor 59c,Gr59c
FBgn0041236,Gustatory receptor 59d,Gr59d
FBgn0041233,Gustatory receptor 59e,Gr59e
FBgn0041234,Gustatory receptor 59f,Gr59f
FBgn0003747,Gustatory receptor 5a,Gr5a
FBgn0035167,Gustatory receptor 61a,Gr61a
FBgn0035468,Gustatory receptor 63a,Gr63a
FBgn0045479,Gustatory receptor 64a,Gr64a
FBgn0045478,Gustatory receptor 64b,Gr64b
FBgn0045477,Gustatory receptor 64c,Gr64c
FBgn0035486,Gustatory receptor 64d,Gr64d
FBgn0045476,Gustatory receptor 64e,Gr64e
FBgn0052255,Gustatory receptor 64f,Gr64f
FBgn0035870,Gustatory receptor 66a,Gr66a
FBgn0041231,Gustatory receptor 68a,Gr68a
FBgn0045474,Gustatory receptor 77a,Gr77a
FBgn0045473,Gustatory receptor 85a,Gr85a
FBgn0038440,Gustatory receptor 89a,Gr89a
FBgn0030108,Gustatory receptor 8a,Gr8a
FBgn0045471,Gustatory receptor 92a,Gr92a
FBgn0041229,Gustatory receptor 93a,Gr93a
FBgn0045470,Gustatory receptor 93b,Gr93b
FBgn0045469,Gustatory receptor 93c,Gr93c
FBgn0045468,Gustatory receptor 93d,Gr93d
FBgn0041225,Gustatory receptor 94a,Gr94a
FBgn0041224,Gustatory receptor 97a,Gr97a
FBgn0039520,Gustatory receptor 98a,Gr98a
FBgn0046887,Gustatory receptor 98b,Gr98b
FBgn0046886,Gustatory receptor 98c,Gr98c
FBgn0046885,Gustatory receptor 98d,Gr98d
FBgn0052693,Gustatory receptor 9a,Gr9a
FBgn0001134,Glycine receptor,Grd
FBgn0038840,-,Grik
FBgn0029830,Glutamate receptor interacting protein,Grip
FBgn0001137,gurken,grk
FBgn0032682,grindelwald,grnd
FBgn0010197,Guanylyl cyclase at 32E,Gyc32E
FBgn0266136,Guanylyl cyclase at 76C,Gyc76C
FBgn0261509,hattifattener,haf
FBgn0032812,Hakai,Hakai
FBgn0287864,hibris,hbs
FBgn0030437,hector,hec
FBgn0011771,HEM-protein,Hem
FBgn0001189,halfway,hfw
FBgn0004644,hedgehog,hh
FBgn0010114,hikaru genki,hig
FBgn0037950,Histamine-gated chloride channel subunit 1,HisCl1
FBgn0263220,Hyperkinetic,Hk
FBgn0035583,hoka,hoka
FBgn0264491,held out wings,how
FBgn0010389,heartless,htl
FBgn0028374,Hugin,Hug
FBgn0031294,IA-2 protein tyrosine phosphatase,IA-2
FBgn0086693,inactive,iav
FBgn0001250,inflated,if
FBgn0263397,I[[h]] channel,Ih
FBgn0031872,interference hedgehog,ihog
FBgn0028427,Integrin linked kinase,Ilk
FBgn0044051,Insulin-like peptide 1,Ilp1
FBgn0036046,Insulin-like peptide 2,Ilp2
FBgn0044050,Insulin-like peptide 3,Ilp3
FBgn0044049,Insulin-like peptide 4,Ilp4
FBgn0044048,Insulin-like peptide 5,Ilp5
FBgn0044047,Insulin-like peptide 6,Ilp6
FBgn0044046,Insulin-like peptide 7,Ilp7
FBgn0036690,Insulin-like peptide 8,Ilp8
FBgn0001257,Ecdysone-inducible gene L2,ImpL2
FBgn0036816,I'm not dead yet,Indy
FBgn0260466,I'm not dead yet 2,Indy-2
FBgn0011603,inebriated,ine
FBgn0283499,Insulin-like receptor,InR
FBgn0086359,Invadolysin,Invadolysin
FBgn0039879,Ionotropic receptor 100a,Ir100a
FBgn0083979,Ionotropic receptor 10a,Ir10a
FBgn0030385,Ionotropic receptor 11a,Ir11a
FBgn0031181,Ionotropic receptor 20a,Ir20a
FBgn0031209,Ionotropic receptor 21a,Ir21a
FBgn0031634,Ionotropic receptor 25a,Ir25a
FBgn0051718,Ionotropic receptor 31a,Ir31a
FBgn0259683,Ionotropic receptor 40a,Ir40a
FBgn0040849,Ionotropic receptor 41a,Ir41a
FBgn0033515,Ionotropic receptor 47a,Ir47a
FBgn0033648,Ionotropic receptor 48b,Ir48b
FBgn0033651,Ionotropic receptor 48c,Ir48c
FBgn0050081,Ionotropic receptor 51b,Ir51b
FBgn0034023,Ionotropic receptor 52a,Ir52a
FBgn0050469,Ionotropic receptor 52b,Ir52b
FBgn0050468,Ionotropic receptor 52c,Ir52c
FBgn0050464,Ionotropic receptor 52d,Ir52d
FBgn0034272,Ionotropic receptor 54a,Ir54a
FBgn0050125,Ionotropic receptor 56a,Ir56a
FBgn0034456,Ionotropic receptor 56b,Ir56b
FBgn0034457,Ionotropic receptor 56c,Ir56c
FBgn0034458,Ionotropic receptor 56d,Ir56d
FBgn0034994,Ionotropic receptor 60a,Ir60a
FBgn0259185,Ionotropic receptor 60b,Ir60b
FBgn0259187,Ionotropic receptor 60d,Ir60d
FBgn0035019,Ionotropic receptor 60e,Ir60e
FBgn0053971,Ionotropic receptor 62a,Ir62a
FBgn0035604,Ionotropic receptor 64a,Ir64a
FBgn0036010,Ionotropic receptor 67a,Ir67a
FBgn0036083,Ionotropic receptor 67b,Ir67b
FBgn0052058,Ionotropic receptor 67c,Ir67c
FBgn0036150,Ionotropic receptor 68a,Ir68a
FBgn0036250,Ionotropic receptor 68b,Ir68b
FBgn0036757,Ionotropic receptor 75a,Ir75a
FBgn0261402,Ionotropic receptor 75b,Ir75b
FBgn0261401,Ionotropic receptor 75c,Ir75c
FBgn0036829,Ionotropic receptor 75d,Ir75d
FBgn0260874,Ionotropic receptor 76a,Ir76a
FBgn0036937,Ionotropic receptor 76b,Ir76b
FBgn0029961,Ionotropic receptor 7a,Ir7a
FBgn0029965,Ionotropic receptor 7b,Ir7b
FBgn0029966,Ionotropic receptor 7c,Ir7c
FBgn0259190,Ionotropic receptor 7d,Ir7d
FBgn0259189,Ionotropic receptor 7e,Ir7e
FBgn0259188,Ionotropic receptor 7f,Ir7f
FBgn0029968,Ionotropic receptor 7g,Ir7g
FBgn0037501,Ionotropic receptor 84a,Ir84a
FBgn0037630,Ionotropic receptor 85a,Ir85a
FBgn0038153,Ionotropic receptor 87a,Ir87a
FBgn0052704,Ionotropic receptor 8a,Ir8a
FBgn0038789,Ionotropic receptor 92a,Ir92a
FBgn0259215,Ionotropic receptor 93a,Ir93a
FBgn0051164,Ionotropic receptor 94a,Ir94a
FBgn0051424,Ionotropic receptor 94b,Ir94b
FBgn0051423,Ionotropic receptor 94c,Ir94c
FBgn0259193,Ionotropic receptor 94d,Ir94d
FBgn0259194,Ionotropic receptor 94e,Ir94e
FBgn0051225,Ionotropic receptor 94f,Ir94f
FBgn0039079,Ionotropic receptor 94g,Ir94g
FBgn0039080,Ionotropic receptor 94h,Ir94h
FBgn0265042,Inwardly rectifying potassium channel 1,Irk1
FBgn0039081,Inwardly rectifying potassium channel 2,Irk2
FBgn0032706,Inwardly rectifying potassium channel 3,Irk3
FBgn0034005,Integrin alphaPS4 subunit,ItgaPS4
FBgn0034880,Integrin alphaPS5 subunit,ItgaPS5
FBgn0010395,Integrin betanu subunit,Itgbn
FBgn0035023,Ion transport peptide,ITP
FBgn0010051,"Inositol 1,4,5,-trisphosphate receptor",Itpr
FBgn0040309,thioredoxin peroxidase 1,Jafrac1
FBgn0086677,jelly belly,jeb
FBgn0038837,Kainate-type ionotropic glutamate receptor subunit 1D,KaiR1D
FBgn0039155,Kallmann syndrome 1,Kal1
FBgn0001296,karmoisin,kar
FBgn0261794,kazachoc,kcc
FBgn0033494,KCNQ potassium channel,KCNQ
FBgn0015399,kekkon 1,kek1
FBgn0015400,kekkon 2,kek2
FBgn0028370,kekkon 3,kek3
FBgn0032484,kekkon 4,kek4
FBgn0031016,kekkon 5,kek5
FBgn0039862,kekkon 6,kek6
FBgn0028369,kin of irre,kirre
FBgn0017590,klingon,klg
FBgn0052179,Keren,Krn
FBgn0261574,kugelei,kug
FBgn0010238,Lachesin,Lac
FBgn0002526,Laminin A,LanA
FBgn0261800,LanB1,LanB1
FBgn0267348,Laminin B2,LanB2
FBgn0034602,Leucine-rich repeat activity-regulated protein at synapses,Lapsyn
FBgn0000464,Leukocyte-antigen-related-like,Lar
FBgn0037163,lazaro,laza
FBgn0034083,lambik,lbk
FBgn0016032,late bloomer,lbm
FBgn0010240,Ligand-gated chloride channel homolog 3,Lcch3
FBgn0259230,lectin-22C,lectin-22C
FBgn0053533,lectin-37Db,lectin-37Db
FBgn0016675,Galactose-specific C-type lectin,Lectin-galC1
FBgn0016650,Leucine-rich repeat-containing G protein-coupled receptor 1,Lgr1
FBgn0039354,Leucine-rich repeat-containing G protein-coupled receptor 3,Lgr3
FBgn0085440,Leucine-rich repeat-containing G protein-coupled receptor 4,Lgr4
FBgn0027539,lilipod,lili
FBgn0034381,Lithium-inducible SLC6 transporter,List
FBgn0028418,Leucokinin,Lk
FBgn0038167,Lkb1 kinase,Lkb1
FBgn0035610,Leucokinin receptor,Lkr
FBgn0034540,Leucine-rich tendon-specific protein,Lrt
FBgn0268063,larval translucida,ltl
FBgn0002577,miniature,m
FBgn0000037,"muscarinic Acetylcholine Receptor, A-type",mAChR-A
FBgn0037546,"muscarinic Acetylcholine Receptor, B-type",mAChR-B
FBgn0029909,"muscarinic Acetylcholine Receptor, C-type",mAChR-C
FBgn0039914,maverick,mav
FBgn0025743,mushroom bodies tiny,mbt
FBgn0042185,Mitochondrial calcium uniporter,MCU
FBgn0004512,Multi drug resistance 49,Mdr49
FBgn0031981,Multiple EGF like domains 8,Megf8
FBgn0086384,Merlin,Mer
FBgn0051004,mesh,mesh
FBgn0004456,multiple edematous wings,mew
FBgn0260745,midline fasciclin,mfas
FBgn0031307,Major Facilitator Superfamily Transporter 3,MFS3
FBgn0019985,metabotropic Glutamate Receptor,mGluR
FBgn0031893,Mitochondrial calcium uptake 1,MICU1
FBgn0036713,Myoinhibiting peptide precursor,Mip
FBgn0027111,midkine and pleiotrophin 1,miple1
FBgn0029002,midkine and pleiotrophin 2,miple2
FBgn0035049,Matrix metalloproteinase 1,Mmp1
FBgn0025631,moody,moody
FBgn0036448,myopic,mop
FBgn0032456,Multidrug-Resistance like Protein 1,MRP
FBgn0011581,Myosuppressin,Ms
FBgn0020269,M-spondin,mspo
FBgn0035331,Myosuppressin receptor 1,MsR1
FBgn0264002,Myosuppressin receptor 2,MsR2
FBgn0015770,MstProx,MstProx
FBgn0259735,miles to go,mtgo
FBgn0023000,methuselah,mth
FBgn0030766,methuselah-like 1,mthl1
FBgn0035132,methuselah-like 10,mthl10
FBgn0045443,methuselah-like 11,mthl11
FBgn0045442,methuselah-like 12,mthl12
FBgn0050018,methuselah-like 13,mthl13
FBgn0052476,methuselah-like 14,mthl14
FBgn0051720,methuselah-like 15,mthl15
FBgn0035623,methuselah-like 2,mthl2
FBgn0028956,methuselah-like 3,mthl3
FBgn0034219,methuselah-like 4,mthl4
FBgn0037960,methuselah-like 5,mthl5
FBgn0035789,methuselah-like 6,mthl6
FBgn0035847,methuselah-like 7,mthl7
FBgn0052475,methuselah-like 8,mthl8
FBgn0035131,methuselah-like 9,mthl9
FBgn0050361,mangetout,mtt
FBgn0033757,muskelin,muskelin
FBgn0011672,Malvolio,Mvl
FBgn0026199,myoglianin,myo
FBgn0004657,myospheroid,mys
FBgn0004647,Notch,N
FBgn0029762,Nutrient Amino Acid Transporter 1,NAAT1
FBgn0024319,Nach,Nach
FBgn0000036,nicotinic Acetylcholine Receptor alpha1,nAChRalpha1
FBgn0000039,nicotinic Acetylcholine Receptor alpha2,nAChRalpha2
FBgn0015519,nicotinic Acetylcholine Receptor alpha3,nAChRalpha3
FBgn0266347,nicotinic Acetylcholine Receptor alpha4,nAChRalpha4
FBgn0028875,nicotinic Acetylcholine Receptor alpha5,nAChRalpha5
FBgn0032151,nicotinic Acetylcholine Receptor alpha6,nAChRalpha6
FBgn0086778,nicotinic Acetylcholine Receptor alpha7,nAChRalpha7
FBgn0000038,nicotinic Acetylcholine Receptor beta1,nAChRbeta1
FBgn0004118,nicotinic Acetylcholine Receptor beta2,nAChRbeta2
FBgn0031261,nicotinic Acetylcholine Receptor beta3,nAChRbeta3
FBgn0085434,Na channel protein 60E,NaCP60E
FBgn0036414,nanchung,nan
FBgn0260795,Na[+]-dependent inorganic phosphate cotransporter type III,NaPi-III
FBgn0028704,Nckx30C,Nckx30C
FBgn0039234,Nicastrin,Nct
FBgn0259111,Na[+]-driven anion exchanger 1,Ndae1
FBgn0026403,Nidogen,Ndg
FBgn0036316,nebulosa,nebu
FBgn0015773,Netrin-A,NetA
FBgn0015774,Netrin-B,NetB
FBgn0265416,Neuropilin and tolloid-like,Neto
FBgn0036101,Ninjurin A,NijA
FBgn0036822,Ninjurin B,NijB
FBgn0038079,Ninjurin C,NijC
FBgn0261514,Nimrod A,NimA
FBgn0027929,Nimrod B1,NimB1
FBgn0028543,Nimrod B2,NimB2
FBgn0054003,Nimrod B3,NimB3
FBgn0028542,Nimrod B4,NimB4
FBgn0028936,Nimrod B5,NimB5
FBgn0259896,Nimrod C1,NimC1
FBgn0028939,Nimrod C2,NimC2
FBgn0001967,Nimrod C3,NimC3
FBgn0260011,Nimrod C4,NimC4
FBgn0002939,neither inactivation nor afterpotential D,ninaD
FBgn0002940,neither inactivation nor afterpotential E,ninaE
FBgn0036146,noktochor,nkt
FBgn0051146,Neuroligin 1,Nlg1
FBgn0031866,Neuroligin 2,Nlg2
FBgn0083963,Neuroligin 3,Nlg3
FBgn0083975,Neuroligin 4,Nlg4
FBgn0010399,NMDA receptor 1,Nmdar1
FBgn0053513,NMDA receptor 2,Nmdar2
FBgn0051619,no long nerve cord,nolo
FBgn0016920,no mechanoreceptor potential C,nompC
FBgn0050418,nord,nord
FBgn0027109,neuropeptide F,NPF
FBgn0037408,Neuropeptide F receptor,NPFR
FBgn0035092,Neuropeptide-like precursor 1,Nplp1
FBgn0287423,Neuropeptide-like precursor 2,Nplp2
FBgn0042201,Neuropeptide-like precursor 3,Nplp3
FBgn0040717,Neuropeptide-like precursor 4,Nplp4
FBgn0264975,Neuroglian,Nrg
FBgn0020391,Neurospecific receptor kinase,Nrk
FBgn0262509,neuromusculin,nrm
FBgn0004108,Neurotactin,Nrt
FBgn0015776,nervana 1,nrv1
FBgn0015777,nervana 2,nrv2
FBgn0032946,nervana 3,nrv3
FBgn0038975,Neurexin 1,Nrx-1
FBgn0013997,Neurexin IV,Nrx-IV
FBgn0261526,Neurotrophin 1,NT1
FBgn0267326,Neurotransmitter transporter-like,Ntl
FBgn0029147,NtR,NtR
FBgn0024944,Octopamine receptor in mushroom bodies,Oamb
FBgn0051634,Organic anion transporting polypeptide 26F,Oatp26F
FBgn0032123,Organic anion transporting polypeptide 30B,Oatp30B
FBgn0032433,Organic anion transporting polypeptide 33Ea,Oatp33Ea
FBgn0032435,Organic anion transporting polypeptide 33Eb,Oatp33Eb
FBgn0050277,Organic anion transporting polypeptide 58Da,Oatp58Da
FBgn0034715,Organic anion transporting polypeptide 58Db,Oatp58Db
FBgn0034716,Organic anion transporting polypeptide 58Dc,Oatp58Dc
FBgn0036732,Organic anion transporting polypeptide 74D,Oatp74D
FBgn0004514,Octopamine-Tyramine receptor,Oct-TyrR
FBgn0038653,alpha2-adrenergic-like octopamine receptor,Octalpha2R
FBgn0038980,Octopamine beta1 receptor,Octbeta1R
FBgn0038063,Octopamine beta2 receptor,Octbeta2R
FBgn0250910,Octopamine beta3 receptor,Octbeta3R
FBgn0030298,Odorant receptor 10a,Or10a
FBgn0030715,Odorant receptor 13a,Or13a
FBgn0041626,Odorant receptor 19a,Or19a
FBgn0062565,Odorant receptor 19b,Or19b
FBgn0029521,Odorant receptor 1a,Or1a
FBgn0026398,Odorant receptor 22a,Or22a
FBgn0026397,Odorant receptor 22b,Or22b
FBgn0026396,Odorant receptor 22c,Or22c
FBgn0026395,Odorant receptor 23a,Or23a
FBgn0026394,Odorant receptor 24a,Or24a
FBgn0023523,Odorant receptor 2a,Or2a
FBgn0032096,Odorant receptor 30a,Or30a
FBgn0026392,Odorant receptor 33a,Or33a
FBgn0026391,Odorant receptor 33b,Or33b
FBgn0026390,Odorant receptor 33c,Or33c
FBgn0028946,Odorant receptor 35a,Or35a
FBgn0033041,Odorant receptor 42a,Or42a
FBgn0033043,Odorant receptor 42b,Or42b
FBgn0026389,Odorant receptor 43a,Or43a
FBgn0026393,Odorant receptor 43b,Or43b
FBgn0033404,Odorant receptor 45a,Or45a
FBgn0033422,Odorant receptor 45b,Or45b
FBgn0026388,Odorant receptor 46a,Or46a
FBgn0026386,Odorant receptor 47a,Or47a
FBgn0026385,Odorant receptor 47b,Or47b
FBgn0033727,Odorant receptor 49a,Or49a
FBgn0028963,Odorant receptor 49b,Or49b
FBgn0034473,Odorant receptor 56a,Or56a
FBgn0026384,Odorant receptor 59a,Or59a
FBgn0034865,Odorant receptor 59b,Or59b
FBgn0034866,Odorant receptor 59c,Or59c
FBgn0035382,Odorant receptor 63a,Or63a
FBgn0041625,Odorant receptor 65a,Or65a
FBgn0041624,Odorant receptor 65b,Or65b
FBgn0041623,Odorant receptor 65c,Or65c
FBgn0036009,Odorant receptor 67a,Or67a
FBgn0036019,Odorant receptor 67b,Or67b
FBgn0036078,Odorant receptor 67c,Or67c
FBgn0036080,Odorant receptor 67d,Or67d
FBgn0041622,Odorant receptor 69a,Or69a
FBgn0036474,Odorant receptor 71a,Or71a
FBgn0036709,Odorant receptor 74a,Or74a
FBgn0030016,Odorant receptor 7a,Or7a
FBgn0041621,Odorant receptor 82a,Or82a
FBgn0037322,Odorant receptor 83a,Or83a
FBgn0037399,Odorant receptor 83c,Or83c
FBgn0037576,Odorant receptor 85a,Or85a
FBgn0037590,Odorant receptor 85b,Or85b
FBgn0037591,Odorant receptor 85c,Or85c
FBgn0037594,Odorant receptor 85d,Or85d
FBgn0026399,Odorant receptor 85e,Or85e
FBgn0037685,Odorant receptor 85f,Or85f
FBgn0038203,Odorant receptor 88a,Or88a
FBgn0038798,Odorant receptor 92a,Or92a
FBgn0039033,Odorant receptor 94a,Or94a
FBgn0039034,Odorant receptor 94b,Or94b
FBgn0039551,Odorant receptor 98a,Or98a
FBgn0039582,Odorant receptor 98b,Or98b
FBgn0067407,Odorant receptor 98a pseudogene,Or98P
FBgn0030204,Odorant receptor 9a,Or9a
FBgn0041585,Orai,Orai
FBgn0037324,Odorant receptor co-receptor,Orco
FBgn0034935,Orcokinin,Orcokinin
FBgn0017561,Open rectifier K[+] channel 1,Ork1
FBgn0003011,ora transientless,ort
FBgn0037406,Osiris 1,Osi1
FBgn0286976,Osiris 10a,Osi10a
FBgn0037418,Osiris 11,Osi11
FBgn0037419,Osiris 12,Osi12
FBgn0037422,Osiris 13,Osi13
FBgn0040279,Osiris 14,Osi14
FBgn0037424,Osiris 15,Osi15
FBgn0051561,Osiris 16,Osi16
FBgn0037427,Osiris 17,Osi17
FBgn0037428,Osiris 18,Osi18
FBgn0037429,Osiris 19,Osi19
FBgn0037410,Osiris 2,Osi2
FBgn0037430,Osiris 20,Osi20
FBgn0283678,Osiris 21,Osi21
FBgn0038133,Osiris 22,Osi22
FBgn0039771,Osiris 23,Osi23
FBgn0037411,Osiris 3,Osi3
FBgn0037412,Osiris 4,Osi4
FBgn0037413,Osiris 5,Osi5
FBgn0027527,Osiris 6,Osi6
FBgn0037414,Osiris 7,Osi7
FBgn0037415,Osiris 8,Osi8
FBgn0037416,Osiris 9,Osi9
FBgn0004839,off-track,otk
FBgn0267728,off-track2,otk2
FBgn0260799,Adherens junction protein p120,p120ctn
FBgn0035101,p130CAS,p130CAS
FBgn0060296,painless,pain
FBgn0267698,p21-activated kinase,Pak
FBgn0260934,par-1,par-1
FBgn0285944,paralytic,para
FBgn0052528,parvin,parvin
FBgn0038545,pasiflora 1,pasi1
FBgn0037680,pasiflora 2,pasi2
FBgn0041789,Paxillin,Pax
FBgn0264810,Partner of Bursicon,Pburs
FBgn0023178,Pigment-dispersing factor,Pdf
FBgn0260753,Pigment-dispersing factor receptor,Pdfr
FBgn0003053,pebbled,peb
FBgn0053198,presenilin enhancer,pen-2
FBgn0031969,peste,pes
FBgn0027558,Polypeptide N-Acetylgalactosaminyltransferase 3,Pgant3
FBgn0035975,Peptidoglycan recognition protein LA,PGRP-LA
FBgn0035976,Peptidoglycan recognition protein LC,PGRP-LC
FBgn0260458,Peptidoglycan recognition protein LD,PGRP-LD
FBgn0035977,Peptidoglycan recognition protein LF,PGRP-LF
FBgn0264908,pH-sensitive chloride channel 1,pHCl-1
FBgn0039840,pH-sensitive chloride channel 2,pHCl-2
FBgn0264953,Piezo,Piezo
FBgn0034909,pippin,pippin
FBgn0038201,Pyrokinin 1 receptor,PK1-R
FBgn0038140,Pyrokinin 2 receptor 1,PK2-R1
FBgn0038139,Pyrokinin 2 receptor 2,PK2-R2
FBgn0041195,Polycystic kidney disease 2,Pkd2
FBgn0025741,Plexin A,PlexA
FBgn0025740,Plexin B,PlexB
FBgn0039431,plum,plum
FBgn0261261,pollux,plx
FBgn0259214,plasma membrane calcium ATPase,PMCA
FBgn0040294,Plenty of SH3s,POSH
FBgn0020258,pickpocket,ppk
FBgn0065110,pickpocket 10,ppk10
FBgn0065109,pickpocket 11,ppk11
FBgn0034730,pickpocket 12,ppk12
FBgn0053508,pickpocket 13,ppk13
FBgn0031803,pickpocket 14,ppk14
FBgn0039424,pickpocket 15,ppk15
FBgn0065108,pickpocket 16,ppk16
FBgn0032602,pickpocket 17,ppk17
FBgn0265001,pickpocket 18,ppk18
FBgn0039679,pickpocket 19,ppk19
FBgn0039676,pickpocket 20,ppk20
FBgn0039675,pickpocket 21,ppk21
FBgn0051105,pickpocket 22,ppk22
FBgn0030844,pickpocket 23,ppk23
FBgn0039839,pickpocket 24,ppk24
FBgn0053349,pickpocket 25,ppk25
FBgn0035785,pickpocket 26,ppk26
FBgn0035458,pickpocket 27,ppk27
FBgn0030795,pickpocket 28,ppk28
FBgn0034965,pickpocket 29,ppk29
FBgn0050181,pickpocket 3,ppk3
FBgn0039677,pickpocket 30,ppk30
FBgn0051065,pickpocket 31,ppk31
FBgn0053289,pickpocket 5,ppk5
FBgn0034489,pickpocket 6,ppk6
FBgn0031802,pickpocket 7,ppk7
FBgn0052792,pickpocket 8,ppk8
FBgn0085398,pickpocket 9,ppk9
FBgn0003137,Papilin,Ppn
FBgn0028573,pericardin,prc
FBgn0036770,Prestin,Prestin
FBgn0045038,Proctolin,Proc
FBgn0029723,Proctolin receptor,Proc-R
FBgn0284421,Presenilin,Psn
FBgn0003892,patched,ptc
FBgn0026379,Phosphatase and tensin homolog,Pten
FBgn0004370,Protein tyrosine phosphatase 10D,Ptp10D
FBgn0004368,Protein tyrosine phosphatase 4E,Ptp4E
FBgn0034085,Protein tyrosine phosphatase 52F,Ptp52F
FBgn0014007,Protein tyrosine phosphatase 69D,Ptp69D
FBgn0004369,Protein tyrosine phosphatase 99A,Ptp99A
FBgn0013323,Prothoracicotropic hormone,Ptth
FBgn0003169,punt,put
FBgn0030964,PDGF- and VEGF-related factor 1,Pvf1
FBgn0031888,PDGF- and VEGF-related factor 2,Pvf2
FBgn0085407,PDGF- and VEGF-related factor 3,Pvf3
FBgn0032006,PDGF- and VEGF-receptor related,Pvr
FBgn0011828,Peroxidasin,Pxn
FBgn0262614,polychaetoid,pyd
FBgn0043900,pygopus,pygo
FBgn0033649,pyramus,pyr
FBgn0035113,pyrexia,pyx
FBgn0267430,Piezo-like,Pzl
FBgn0016701,Rab4,Rab4
FBgn0010333,Rac1,Rac1
FBgn0262114,Ran-binding protein M,RanBPM
FBgn0004636,Rap1 GTPase,Rap1
FBgn0003218,retinal degeneration B,rdgB
FBgn0004244,Resistant to dieldrin,Rdl
FBgn0243486,reduced ocelli,rdo
FBgn0011829,Ret oncogene,Ret
FBgn0003248,Rhodopsin 2,Rh2
FBgn0003249,Rhodopsin 3,Rh3
FBgn0003250,Rhodopsin 4,Rh4
FBgn0014019,Rhodopsin 5,Rh5
FBgn0028699,Rh50,Rh50
FBgn0019940,Rhodopsin 6,Rh6
FBgn0036260,Rhodopsin 7,Rh7
FBgn0260442,rhea,rhea
FBgn0030318,rhomboid-4,rho-4
FBgn0014380,Rho-like,RhoL
FBgn0039882,Riboflavin transporter,Rift
FBgn0003255,rickets,rk
FBgn0005631,roundabout 1,robo1
FBgn0002543,roundabout 2,robo2
FBgn0041097,roundabout 3,robo3
FBgn0010407,Ror,Ror
FBgn0022981,ripped pocket,rpk
FBgn0003285,roughest,rst
FBgn0003295,roughoid,ru
FBgn0003301,rutabaga,rut
FBgn0085512,RYamide,RYa
FBgn0004842,RYamide receptor,RYa-R
FBgn0011286,Ryanodine receptor,RyR
FBgn0033257,sandman,sand
FBgn0025697,scavenger receptor acting in neural tissue and majority of rhodopsin is absent,santa-maria
FBgn0002306,stranded at second,sas
FBgn0003317,saxophone,sax
FBgn0041781,SCAR,SCAR
FBgn0286785,scab,scb
FBgn0263289,scribble,scrib
FBgn0005590,screw,scw
FBgn0021764,sidekick,sdk
FBgn0038279,Secreted decoy of InR,Sdr
FBgn0262125,Secretory 23,Sec23
FBgn0262126,Secretory 24CD,Sec24CD
FBgn0036727,Secretory chloride channel,SecCl
FBgn0003353,seizure,sei
FBgn0011259,Semaphorin 1a,Sema1a
FBgn0016059,Semaphorin 1b,Sema1b
FBgn0011260,Semaphorin 2a,Sema2a
FBgn0264273,Semaphorin 2b,Sema2b
FBgn0284221,Semaphorin 5c,Sema5c
FBgn0028991,sequoia,seq
FBgn0004197,Serrate,Ser
FBgn0010414,Serotonin transporter,SerT
FBgn0003366,sevenless,sev
FBgn0003380,Shaker,Sh
FBgn0262593,Shaker cognate b,Shab
FBgn0005564,Shaker cognate l,Shal
FBgn0003386,Shaker cognate w,Shaw
FBgn0085395,Shaw-like,Shawl
FBgn0003391,shotgun,shg
FBgn0031256,shriveled,shv
FBgn0016061,sidestep,side
FBgn0259213,sidestep II,side-II
FBgn0083949,sidestep III,side-III
FBgn0038156,sidestep IV,side-IV
FBgn0085400,sidestep V,side-V
FBgn0083950,sidestep VI,side-VI
FBgn0037736,sidestep VII,side-VII
FBgn0086604,sidestep VIII,side-VIII
FBgn0053527,SIFamide,SIFa
FBgn0038880,SIFamide receptor,SIFaR
FBgn0010894,sinuous,sinu
FBgn0029761,small conductance calcium-activated potassium channel,SK
FBgn0264089,slit,sli
FBgn0037203,slimfast,slif
FBgn0033657,Silnoon,Sln
FBgn0003429,slowpoke,slo
FBgn0261698,slowpoke 2,SLO2
FBgn0003444,smoothened,smo
FBgn0051660,smog,smog
FBgn0052380,SMSr,SMSr
FBgn0260004,Sensory neuron membrane protein 1,Snmp1
FBgn0035815,Sensory neuron membrane protein 2,Snmp2
FBgn0032840,short neuropeptide F precursor,sNPF
FBgn0036934,short neuropeptide F receptor,sNPF-R
FBgn0024189,sticks and stones,sns
FBgn0003034,Sex Peptide,SP
FBgn0033358,space blanket,spab
FBgn0026562,"Secreted protein, acidic, cysteine-rich",SPARC
FBgn0005672,spitz,spi
FBgn0029768,Sex peptide receptor,SPR
FBgn0003495,spatzle,spz
FBgn0031959,spatzle 3,spz3
FBgn0032362,spatzle 4,spz4
FBgn0035379,spatzle 5,spz5
FBgn0035056,spatzle 6,spz6
FBgn0014033,"Scavenger receptor class C, type I",Sr-CI
FBgn0020377,"Scavenger receptor class C, type II",Sr-CII
FBgn0020376,"Scavenger receptor class C, type III",Sr-CIII
FBgn0031547,"Scavenger receptor class C, type IV",Sr-CIV
FBgn0264959,Src oncogene at 42A,Src42A
FBgn0262733,Src oncogene at 64B,Src64B
FBgn0036945,Snakeskin,Ssk
FBgn0024836,starry night,stan
FBgn0020249,steamer duck,stck
FBgn0064123,stargazin-like protein,stg1
FBgn0045073,Stromal interaction molecule,Stim
FBgn0261041,straightjacket,stj
FBgn0028863,stolid,stol
FBgn0036571,Strumpellin,Strump
FBgn0038721,subdued,subdued
FBgn0034262,swi2,swi2
FBgn0030739,Strumpellin and WASH-interacting protein,SWIP
FBgn0033955,Tarag,Targ
FBgn0038165,TWIK-related acid-sensitive K[+] channel 6,Task6
FBgn0037690,TWIK-related acid-sensitive K[+] channel 7,Task7
FBgn0037766,tipE homolog 1,Teh1
FBgn0035505,tipE homolog 2,Teh2
FBgn0040697,tipE homolog 3,Teh3
FBgn0035504,tipE homolog 4,Teh4
FBgn0026760,Tehao,Tehao
FBgn0000633,teiresias,tei
FBgn0267001,Tenascin accessory,Ten-a
FBgn0004449,Tenascin major,Ten-m
FBgn0033652,thisbe,ths
FBgn0014073,Tie-like receptor tyrosine kinase,Tie
FBgn0011722,Tiggrin,Tig
FBgn0025879,Tissue inhibitor of metalloproteases,Timp
FBgn0003710,temperature-induced paralytic E,tipE
FBgn0037976,Tachykinin,Tk
FBgn0004841,Tachykinin-like receptor at 86C,TkR86C
FBgn0004622,Tachykinin-like receptor at 99D,TkR99D
FBgn0003716,thickveins,tkv
FBgn0262473,Toll,Tl
FBgn0020372,Transmembrane 4 superfamily,TM4SF
FBgn0267796,Transmembrane channel-like,Tmc
FBgn0032095,Toll-4,Toll-4
FBgn0036494,Toll-6,Toll-6
FBgn0034476,Toll-7,Toll-7
FBgn0036978,Toll-9,Toll-9
FBgn0029114,Tollo,Tollo
FBgn0003733,torso,tor
FBgn0067642,tortuous trachea 1,tortuous-trachea-1
FBgn0046687,Trapped in endoderm 1,Tre1
FBgn0085410,Trissin receptor,TrissinR
FBgn0003751,trunk,trk
FBgn0010452,tartan,trn
FBgn0284408,terribly reduced optic lobes,trol
FBgn0003861,transient receptor potential,trp
FBgn0035934,Transient receptor potential cation channel A1,TrpA1
FBgn0032593,Transient receptor potential cation channel gamma,Trpgamma
FBgn0005614,transient receptor potential-like,trpl
FBgn0265194,"Transient receptor potential cation channel, subfamily M",Trpm
FBgn0262516,"Transient receptor potential cation channel, mucolipin",Trpml
FBgn0031850,Thrombospondin,Tsp
FBgn0031760,Tetraspanin 26A,Tsp26A
FBgn0032074,Tetraspanin 29Fa,Tsp29Fa
FBgn0032075,Tetraspanin 29Fb,Tsp29Fb
FBgn0024361,Tetraspanin 2A,Tsp2A
FBgn0032376,Tetraspanin 33B,Tsp33B
FBgn0032943,Tetraspanin 39D,Tsp39D
FBgn0040334,Tetraspanin 3A,Tsp3A
FBgn0029508,Tetraspanin 42Ea,Tsp42Ea
FBgn0033124,Tetraspanin 42Ec,Tsp42Ec
FBgn0029507,Tetraspanin 42Ed,Tsp42Ed
FBgn0029506,Tetraspanin 42Ee,Tsp42Ee
FBgn0033127,Tetraspanin 42Ef,Tsp42Ef
FBgn0033128,Tetraspanin 42Eg,Tsp42Eg
FBgn0033129,Tetraspanin 42Eh,Tsp42Eh
FBgn0033130,Tetraspanin 42Ei,Tsp42Ei
FBgn0033132,Tetraspanin 42Ej,Tsp42Ej
FBgn0033133,Tetraspanin 42Ek,Tsp42Ek
FBgn0033134,Tetraspanin 42El,Tsp42El
FBgn0033135,Tetraspanin 42En,Tsp42En
FBgn0033137,Tetraspanin 42Ep,Tsp42Ep
FBgn0033138,Tetraspanin 42Eq,Tsp42Eq
FBgn0033139,Tetraspanin 42Er,Tsp42Er
FBgn0033629,Tetraspanin 47F,Tsp47F
FBgn0029837,Tetraspanin 5D,Tsp5D
FBgn0035936,Tetraspanin 66E,Tsp66E
FBgn0043550,Tetraspanin 68C,Tsp68C
FBgn0036769,Tetraspanin 74F,Tsp74F
FBgn0037848,Tetraspanin 86D,Tsp86D
FBgn0027865,Tetraspanin 96F,Tsp96F
FBgn0039465,Tetraspanin 97E,Tsp97E
FBgn0015558,tweety,tty
FBgn0010473,turtle,tutl
FBgn0263118,taxi,tx
FBgn0284435,trynity,tyn
FBgn0038542,Tyramine receptor,TyrR
FBgn0038541,Tyramine receptor II,TyrRII
FBgn0034013,unc-5,unc-5
FBgn0004956,unpaired 1,upd1
FBgn0030904,unpaired 2,upd2
FBgn0053542,unpaired 3,upd3
FBgn0004397,Vinculin,Vinc
FBgn0003984,vein,vn
FBgn0033692,washout,wash
FBgn0034718,windpipe,wdp
FBgn0259745,wech,wech
FBgn0284084,wingless,wg
FBgn0030941,wengen,wgn
FBgn0024179,wishful thinking,wit
FBgn0036141,wntless,wls
FBgn0031903,Wnt oncogene analog 10,Wnt10
FBgn0004360,Wnt oncogene analog 2,Wnt2
FBgn0010453,Wnt oncogene analog 4,Wnt4
FBgn0010194,Wnt oncogene analog 5,Wnt5
FBgn0031902,Wnt oncogene analog 6,Wnt6
FBgn0038134,wnt inhibitor of Dorsal,wntD
FBgn0025878,wrapper,wrapper
FBgn0051665,weary,wry
FBgn0046685,Wsck,Wsck
FBgn0260005,water witch,wtrw
FBgn0016078,wunen,wun
FBgn0041087,wunen-2,wun2
FBgn0265575,yin,yin
FBgn0265991,Z band alternatively spliced PDZ-motif protein 52,Zasp52
FBgn0036461,Zinc/iron regulated transporter-related protein 71B,Zip71B
FBgn0265767,zydeco,zyd
FBgn0036985,zye,zye
FBgn0011642,Zyxin,Zyx